player,position,signed_after_season,length_years,cap_hit
Crosby,C,2011-2012,12,8700000
Carter,C,2009-2010,11,5272727
Jordan Staal,C,2011-2012,10,6000000
Couture,C,2017-2018,8,8000000
Kopitar,C,2014-2015,8,10000000
Schenn,C,2018-2019,8,6500000
Getzlaf,C,2012-2013,8,8250000
Bergeron,C,2012-2013,8,6875000
Zajac,C,2011-2012,8,5750000
Karlsson,C,2018-2019,8,5900000
Seguin,C,2017-2018,8,9850000
Stammer,C,2015-2016,8,8500000
Toews,C,2013-2014,8,10500000
Malkin,C,2012-2013,8,9500000
Kuznetsov,C,2016-2017,8,7800000
Giroux,C,2012-2013,8,8275000
Johansen,C,2016-2017,8,8000000
Scheiefle,C,2015-2016,8,6125000
Keller,C,2018-2019,8,7150000
McDavid,C,2016-2017,8,12500000
Eichel,C,2016-2017,8,10000000
Lee,C,2018-2019,7,7000000
Duchene,C,2018-2019,7,8000000
Tavares,C,2017-2018,7,11000000
Hayes,C,2018-2019,7,7142857
Killorn,C,2015-2016,7,4450000
Johnson,C,2016-2017,7,5000000
Sissons,C,2018-2019,7,2857143
O'Reilly,C,2014-2015,7,7500000
Shmaltz,C,2018-2019,7,5850000
Monahan,C,2015-2016,7,6375000
Nate Mac,C,2015-2016,7,6300000
Hischier,C,2018-2019,7,7224286
RNH,C,2012-2013,7,6000000
Nielsen,C,2015-2016,6,5250000
Kesler,C,2014-2015,6,6875000
Little,C,2016-2017,6,5291000
Backlund,C,2016-2017,6,5350000
Krejci,C,2013-2014,6,7250000
Dubinsky,C,2013-2014,6,5850000
Nelson,C,2018-2019,6,6000000
Tanev,C,2018-2019,6,3500000
Pageau,C,2019-2020,6,5000000
Marchessault,C,2016-2017,6,5000000
Coyle,C,2018-2019,6,5250000
Gourde,C,2017-2018,6,5166667
Kadri,C,2015-2016,6,4500000
Stepan,C,2014-2015,6,6500000
Jarnrok,C,2015-2016,6,2000000
Shaw,C,2015-2016,6,3900000
Lindholm,C,2017-2018,6,4850000
Rask,C,2015-2016,6,4000000
Rakell,C,2015-2016,6,3800000
Konecny,C,2018-2019,6,5500000
Couturier,C,2014-2015,6,4333333
Bo Horvat,C,2016-2017,6,5500000
Dvorak,C,2017-2018,6,4450000
Trochek,C,2015-2016,6,4750000
Bjugstad,C,2013-2014,6,4100000
White,C,2018-2019,6,4750000
Drai,C,2016-2017,6,8500000
Forsberg,C,2015-2016,6,6000000
Barkov,C,2014-2015,6,5900000
Backstrom,C,2018-2019,5,9200000
Backes,C,2015-2016,5,6000000
Soderberg,C,2019-2020,5,1000000
Helm,C,2015-2016,5,3850000
Eller,C,2016-2017,5,3500000
Henrique,C,2017-2018,5,5825000
Anisimov,C,2014-2015,5,4550000
Sutter,C,2014-2015,5,4375000
Faksa,C,2019-2020,5,3250000
JT Miller,C,2017-2018,5,5250000
Cizikas,C,2015-2016,5,3350000
Guentzel,C,2017-2018,5,6000000
Zibanejad,C,2016-2017,5,5350000
Larkin,C,2017-2018,5,6100000
Aho,C,2018-2019,5,8454000
Matthews,C,2017-2018,5,11634000
Komarov,C,2017-2018,4,3000000
Byron,C,2017-2018,4,3400000
Bonino,C,2016-2017,4,4100000
Lewis,C,2015-2016,4,2000000
Zack Smith,C,2015-2016,4,3250000
Perreault,C,2015-2016,4,4125000
Glendening,C,2015-2016,4,1800000
Stephenson,C,2019-2020,4,2750000
Jenner,C,2017-2018,4,3750000
Sundqvist,C,2018-2019,4,2750000
Hertl,C,2017-2018,4,5625000
Kerf,C,2018-2019,4,3500000
JT Compher,C,2018-2019,4,3500000
Pavelski,C,2018-2019,3,7000000
Stastny,C,2017-2018,3,6500000
Bozak,C,2017-2018,3,5000000
Craig Smaith,C,2019-2020,3,3100000
Ryan,C,2017-2018,3,3125000
Nash,C,2017-2018,3,2750000
Rowney,C,2017-2018,3,1133333
Sceviour,C,2016-2017,3,1200000
Wagner,C,2018-2019,3,1350000
Acciari,C,2018-2019,3,1666667
Carpenter,C,2018-2019,3,1000000
Dowd,C,2018-2019,3,750000
Girgensuns,C,2019-2020,3,2200000
Colemn,C,2017-2018,3,1800000
Kuraly,C,2017-2018,3,1275000
Danault,C,2017-2018,3,3083333
Cirelli,C,2019-2020,3,4800000
Point,C,2018-2019,3,6833333
Karlsson,C,2016-2017,3,2000000
Zacha,C,2018-2019,3,2250000
Tage Thompson,C,2019-2020,3,1400000
Filppula,C,2018-2019,2,3000000
Eric Staal,C,2018-2019,2,3250000
Turris,C,2019-2020,2,1650000
Clifford,C,2019-2020,2,1000000
Eakin,C,2019-2020,2,2250000
Johansson,C,2018-2019,2,4500000
Dowling,C,2018-2019,2,750000
Strome,C,2019-2020,2,4500000
Dzingel,C,2018-2019,2,3375000
Namestikov,C,2019-2020,2,2000000
Cousins,C,2019-2020,2,1500000
Par Lindholm,C,2018-2019,2,850000
Rooney,C,2019-2020,2,750000
Blackwell,C,2019-2020,2,725000
Tierny,C,2019-2020,2,3500000
Weal,C,2018-2019,2,1400000
Kellman,C,2019-2020,2,750000
Domi,C,2019-2020,2,5300000
Iafallo,C,2018-2019,2,2425000
Laughton,C,2018-2019,2,2300000
Copp,C,2018-2019,2,2280000
Dickinson,C,2018-2019,2,1500000
paul,C,2019-2020,2,1350000
Lindberg,C,2016-2017,2,1700000
Verhaege,C,2019-2020,2,1000000
Lafferty,C,2019-2020,2,750000
Paquette,C,2017-2018,2,1000000
Lazar,C,2019-2020,2,800000
Motte,C,2019-2020,2,1225000
Heinen,C,2018-2019,2,2800000
Kampf,C,2018-2019,2,1000000
Appleton,C,2019-2020,2,900000
ZAR,C,2018-2019,2,1000000
Highmore,C,2019-2020,2,725000
MacEwen,C,2019-2020,2,825000
Angello,C,2019-2020,2,725000
Barbashev,C,2018-2019,2,1475000
Fabbri,C,2019-2020,2,2950000
Bennett,C,2018-2019,2,2550000
Athanasiou,C,2017-2018,2,3000000
Fischer,C,2019-2020,2,1000000
Stephens,C,2019-2020,2,737500
Amadio,C,2018-2019,2,700000
Harkins,C,2019-2020,2,725000
Trenin,C,2019-2020,2,725000
Eriksson Ek,C,2018-2019,2,1487500
Donato,C,2018-2019,2,1900000
Gambrell,C,2018-2019,2,700000
Thorton,C,2019-2020,1,700000
Koivu,C,2019-2020,1,1500000
Thompson,C,2019-2020,1,750000
Spezza,C,2019-2020,1,700000
Boyle,C,2018-2019,1,940000
Haley,C,2019-2020,1,700000
Ennis,C,2019-2020,1,1000000
Brassard,C,2018-2019,1,1200000
Gagner,C,2019-2020,1,850000
Haula,C,2019-2020,1,1750000
Drew Shore,C,2016-2017,1,700000
Granlund,C,2019-2020,1,3750000
Haas,C,2019-2020,1,915000
Janmark,C,2019-2020,1,2250000
Hinostroza,C,2019-2020,1,1000000
Simon,C,2019-2020,1,700000
Gally,C,2019-2020,1,1050000
Wennberg,C,2019-2020,1,2250000
Jankowski,C,2019-2020,1,700000
Toninato,C,2019-2020,1,700000
Caggiula,C,2019-2020,1,700000
Shore,C,2017-2018,1,750000
Grigorenko,C,2016-2017,1,1200000
Wallmark,C,2019-2020,1,950000
Kahun,C,2019-2020,1,975000
Hayden,C,2019-2020,1,750000
Suomela,C,2019-2020,1,700000
Reinhart,C,2019-2020,1,5200000
Gaudette,C,2019-2020,1,950000
Stenlund,C,2019-2020,1,874125
Jost,C,2019-2020,1,874125
Patrick,C,2018-2019,1,874125
Landeskog,L,2012-2013,7,5571429
Ehlers,L,2016-2017,7,6000000
Matthew Tkatchuk,L,2018-2019,3,7000000
Ovi,L,2006-2007,13,9538462
Saad,L,2014-2015,6,6000000
Drouin,L,2016-2017,6,5500000
Ritchie,L,2017-2018,3,1533333
Crouse,L,2018-2019,3,1533333
Kempe,L,2018-2019,3,2000000
Beauvillier,L,2018-2019,2,2100000
Dal Colle,L,2018-2019,2,700000
Meier,L,2018-2019,4,6000000
Connor,L,2018-2019,7,7142857
Gaudreau,L,2015-2016,6,6750000
Huberdeau,L,2015-2016,6,5900000
Wood,L,2017-2018,4,2750000
Perlini,L,2018-2019,1,874125
Fiala,L,2018-2019,2,3000000
Vrana,L,2018-2019,2,3350000
Bjork,L,2019-2020,3,1600000
Hintz,L,2019-2020,3,3150000
Wagner,L,2019-2020,3,1133333
Greenway,L,2019-2020,2,2100000
Balcers,L,2019-2020,1,735000
Linblom,L,2019-2020,3,3000000
Blais,L,2019-2020,2,1500000
Schwartz,L,2015-2016,5,5350000
Arvidsson,L,2016-2017,7,4250000
Pearson,L,2016-2017,4,3750000
Teuvo,L,2017-2018,5,5400000
Vatrano,L,2017-2018,3,2533333
Johnston,L,2017-2018,4,1000000
Khaira,L,2018-2019,2,1200000
Lehkonen,L,2018-2019,2,2400000
Johnsson,L,2018-2019,4,3400000
Bucjnevic,L,2018-2019,2,3250000
Sanford,L,2018-2019,2,1500000
Milano,L,2019-2020,2,1700000
Debrusk,L,2019-2020,2,3675000
Mangiapane,L,2019-2020,2,2425000
Foegele,L,2019-2020,1,2150000
Lemieux,L,2019-2020,2,1550000
McCann,L,2019-2020,2,2940000
Virtanen,L,2019-2020,2,2550000
Hyman,L,2016-2017,4,2250000
Goodrow,L,2017-2018,2,925000
Baertschi,L,2017-2018,3,3367000
Lowry,L,2017-2018,3,2916667
McGinn,L,2018-2019,2,2100000
Carrier,L,2018-2019,4,1400000
Kubalik,L,2019-2020,2,3700000
Burakovsky,L,2019-2020,2,4900000
Bertuzzi,L,2019-2020,1,3500000
Erne,L,2019-2020,1,997500
Duclair,L,2019-2020,1,1700000
di Guiseppe,L,2019-2020,1,700000
De La Rose,L,2019-2020,1,700000
Benn,L,2015-2016,8,9500000
Hoffman,L,2015-2016,4,5187500
Boedker,L,2015-2016,4,4000000
Tatar,L,2016-2017,4,5300000
Palat,L,2016-2017,5,5300000
Martinook,L,2017-2018,2,2000000
Zucker,L,2017-2018,5,5500000
Kane,L,2017-2018,7,7000000
Andrew Agozzino,L,2018-2019,2,700000
MacEachern,L,2019-2020,2,900000
Soup,L,2019-2020,2,1645000
Parise,L,2011-2012,13,7538462
Foligno,L,2013-2014,6,5500000
Matt Martin,L,2015-2016,4,2500000
Paajarvi,L,2017-2018,1,900000
Skinner,L,2018-2019,8,9000000
Sheahan,L,2018-2019,1,900000
Breadman,L,2018-2019,7,11642857
Watson - 2,L,2018-2019,3,1500000
Ferland,L,2018-2019,4,3500000
Leivo,L,2019-2020,1,875000
Rodriqes,L,2019-2020,1,700000
Nieto,L,2019-2020,1,700000
Vesey,L,2019-2020,1,900000
Boyd,L,2019-2020,1,700000
Zetterberg,L,2007-2008,12,6083333
Marchand,L,2015-2016,8,6125000
Lucic,L,2015-2016,7,6000000
Foligno,L,2016-2017,4,2962500
Bailey,L,2016-2017,6,5000000
Calvert,L,2017-2018,3,2850000
Roussel,L,2017-2018,4,3000000
Deslauriers,L,2018-2019,2,1000000
Bourque,L,2018-2019,1,700000
Johan Larsson,L,2019-2020,2,1400000
Hall,L,2019-2020,1,8000000
Nordstrom,L,2019-2020,1,700000
Kreider,L,2019-2020,7,6500000
Nosek,L,2019-2020,1,1250000
Sheary,L,2019-2020,1,735000
Franzen,L,2008-2009,11,3954545
MacArthur,L,2013-2014,5,4650000
Sobotka,L,2013-2014,3,3500000
Comeau,L,2017-2018,3,2400000
JVR,L,2017-2018,5,7000000
Pacioretty,L,2017-2018,4,7000000
Ladd,L,2015-2016,7,5500000
Cogliano,L,2016-2017,3,3250000
Neal,L,2017-2018,5,5750000
Perron,L,2017-2018,4,4000000
Raffl,L,2018-2019,2,1600000
Hagelin,L,2018-2019,4,2750000
Grant,L,2019-2020,3,1500000
Dadonov,L,2019-2020,3,5000000
Steen,L,2015-2016,4,5750000
Maroon,L,2019-2020,2,900000
Bellemare,L,2018-2019,2,1800000
McLeod,L,2017-2018,1,750000
Marleau,L,2019-2020,1,700000
Pasta,R,2016-2017,6,6666667
Debrincat,R,2018-2019,3,6400000
Puljujarvi,R,2018-2019,2,1175000
Laine,R,2018-2019,2,6750000
Gallagher-1,R,2013-2014,6,3750000
Kase,R,2017-2018,3,2600000
Willy,R,2017-2018,6,6900000
Tuch,R,2017-2018,7,4750000
Rantanen,R,2018-2019,6,9250000
Kapanen,R,2018-2019,3,3200000
Marner,R,2018-2019,6,10893000
Boeser,R,2018-2019,3,5875000
Troy Terry,R,2019-2020,3,1450000
Joey Anderson,R,2019-2020,3,750000
Tarasenko,R,2014-2015,8,7500000
Bjorstrand,R,2017-2018,3,2500000
Gurianov,R,2019-2020,2,2550000
Nino Niederreiter,R,2016-2017,5,5250000
Wilson,R,2017-2018,6,5166667
Hartman,R,2018-2019,2,1900000
Aube-Kubel,R,2019-2020,2,1075000
LeBanc,R,2019-2020,4,4725000
Kessel,R,2012-2013,8,8000000
Kane,R,2013-2014,8,10500000
Voracek,R,2014-2015,8,8250000
Palmeri,R,2015-2016,5,4650000
Smith,R,2015-2016,5,5000000
Kucherov,R,2017-2018,8,9500000
Olofsson,R,2019-2020,2,3050000
Nichuckin,R,2019-2020,2,2500000
Mantha,R,2017-2018,4,5700000
Rust,R,2017-2018,4,3500000
Sorensen,R,2017-2018,2,1500000
Stone,R,2018-2019,8,9500000
Reider,R,2019-2020,1,700000
Frk,R,2019-2020,2,725000
Anderson,R,2019-2020,7,5500000
Brown,R,2019-2020,3,3600000
Weise,R,2015-2016,4,2350000
Donskoi,R,2018-2019,4,3900000
Connolly,R,2018-2019,4,3500000
Armia,R,2018-2019,2,2600000
Kuhnackl,R,2018-2019,1,850000
Hathaway,R,2018-2019,4,1500000
Archibald,R,2019-2020,2,1500000
Grimaldi,R,2019-2020,2,2000000
Noesen,R,2019-2020,1,925000
Brown,R,2012-2013,8,5875000
Horton,R,2012-2013,7,5300000
Dorsett,R,2014-2015,4,2650000
Okposo,R,2015-2016,7,6000000
Atkinson,R,2016-2017,7,5875000
Silfverberg,R,2018-2019,5,5250000
Chiasson,R,2018-2019,2,2150000
Panik,R,2018-2019,4,2750000
Pitlick,R,2019-2020,2,1750000
Fast,R,2019-2020,3,2000000
Gallagher - 2,R,2019-2020,6,6500000
Toffoli,R,2019-2020,4,4250000
Clarkson,R,2012-2013,7,5250000
Callahan,R,2013-2014,6,5800000
Clutterbuck,R,2015-2016,5,3500000
Gustav Nyquist,R,2018-2019,4,5500000
Kassian,R,2018-2019,4,3200000
Eberle,R,2018-2019,5,5500000
Hossa,R,2008-2009,12,5275000
Eriksson,R,2015-2016,6,6000000
Radulov,R,2016-2017,5,6250000
Oshie,R,2016-2017,8,5750000
Hornqvist,R,2016-2017,5,5300000
Zuccarello,R,2018-2019,5,6000000
Gaborik,R,2013-2014,7,4875000
Beagle,R,2017-2018,4,3000000
Wheeler,R,2017-2018,5,8250000
Frolik,R,2019-2020,1,750000
Simmonds,R,2019-2020,1,1500000
Patrick Eaves,R,2016-2017,3,3150000
Bobby Ryan,R,2019-2020,1,1000000
Reaves,R,2019-2020,2,1750000
Perry,R,2018-2019,1,1500000
Richardson,R,2019-2020,1,1000000
Ekblad,D,2015-2016,8,7500000
Chychrun,D,2017-2018,6,4600000
Brodin-1,D,2013-2014,6,4166667
Klefbom,D,2014-2015,7,4167000
Risto,D,2015-2016,6,5400000
Jones,D,2015-2016,6,5400000
Maatta,D,2015-2016,6,4083333
Hanifin,D,2017-2018,6,4950000
Mcavoy,D,2018-2019,3,4900000
Girard,D,2018-2019,7,5000000
Sergachev,D,2019-2020,3,4800000
Hamonic,D,2012-2013,7,3857143
Hamilton,D,2014-2015,6,5750000
Klingberg,D,2014-2015,7,4250000
Larsson,D,2014-2015,6,4166667
Hampus Lindholm,D,2015-2016,6,5250000
Rielly,D,2015-2016,6,5000000
Pelech,D,2016-2017,4,1600000
Morin,D,2017-2018,3,700000
Carlo,D,2018-2019,2,2850000
Lauzon,D,2018-2019,2,850000
Werenski,D,2018-2019,3,5000000
Jones,D,2018-2019,2,850000
Chabot,D,2018-2019,8,8000000
Provorov,D,2018-2019,6,6750000
Mete,D,2019-2020,1,735000
Leddy,D,2013-2014,7,5500000
Murphy,D,2015-2016,6,3850000
Slavin,D,2016-2017,7,5300000
Severson,D,2016-2017,6,4166667
Matheson,D,2016-2017,8,4875000
Nutivaara,D,2017-2018,4,2700000
Dumba,D,2017-2018,5,6000000
Theodore,D,2017-2018,7,5200000
Andersson,D,2018-2019,6,4550000
Sanheim,D,2018-2019,2,3250000
Pionk,D,2018-2019,2,3000000
Jacob Larsson,D,2019-2020,2,1200000
Kylington,D,2019-2020,1,787500
Carlsson,D,2019-2020,2,725000
Myers,D,2019-2020,3,2550000
Pettersson,D,2019-2020,5,4025175
Cernak,D,2019-2020,3,2950000
Dermott,D,2019-2020,1,874125
Whitecloud,D,2019-2020,2,725000
Siegenthaler,D,2019-2020,1,800000
Savard,D,2014-2015,5,4250000
Gostisbehere,D,2016-2017,6,4500000
Parayko,D,2016-2017,5,5500000
Skjei,D,2017-2018,6,5250000
Clifton,D,2018-2019,3,1000000
Lindell,D,2018-2019,6,5800000
Roy,D,2018-2019,2,700000
Butcher,D,2018-2019,3,3733333
Mueller,D,2018-2019,1,1400000
Dahlstrom,D,2018-2019,2,850000
Morrissey,D,2018-2019,8,6250000
Haydn Fleury,D,2019-2020,2,1300000
Zadorov,D,2019-2020,1,3200000
Gavrikov,D,2019-2020,3,2800000
Mermis,D,2019-2020,1,700000
Deangelo,D,2019-2020,2,4800000
Wolanin,D,2019-2020,2,900000
Jaros,D,2019-2020,1,750000
Middleton,D,2019-2020,2,725000
Subban,D,2013-2014,8,9000000
Ekholm,D,2014-2015,6,3750000
Vatanen,D,2015-2016,4,4875000
Hedman,D,2015-2016,8,7875000
Fowler,D,2016-2017,8,6500000
Manson,D,2016-2017,4,4100000
Mayfield,D,2016-2017,5,1450000
Zaitsev,D,2016-2017,7,4500000
Doumolin,D,2016-2017,6,4100000
Orlov,D,2016-2017,6,5100000
Miller,D,2017-2018,4,3875000
Seeler,D,2017-2018,3,725000
Oleksiak,D,2017-2018,3,2137500
Poolman,D,2017-2018,3,775000
Mccabe,D,2018-2019,2,2850000
Nurse,D,2018-2019,2,5600000
Kulak,D,2018-2019,3,1850000
Murray,D,2018-2019,2,4600000
Carrick,D,2018-2019,2,1500000
Trouba,D,2018-2019,7,8000000
Reilly,D,2018-2019,2,1500000
Djoos,D,2019-2020,1,1000000
Koekkoek,D,2019-2020,1,925000
Graves,D,2019-2020,3,3160000
Walker,D,2019-2020,4,2650000
Hagg,D,2019-2020,2,1600000
Keith,D,2008-2009,13,5538462
Weber,D,2011-2012,14,7857143
Letang,D,2012-2013,8,7250000
DeKeyser,D,2015-2016,6,5000000
Gudbranson,D,2016-2017,3,4000000
McNabb,D,2016-2017,4,2500000
OEL,D,2017-2018,8,8250000
Johns,D,2017-2018,3,2350000
Oesterle,D,2018-2019,2,1400000
Kukan,D,2018-2019,2,1650000
Harrington,D,2018-2019,3,1633333
Lyubushkin,D,2019-2020,1,1000000
Grezlyk,D,2019-2020,4,3687500
Montour,D,2019-2020,1,3850000
D Toews,D,2019-2020,4,4100000
Stecher,D,2019-2020,2,1700000
Weegar,D,2019-2020,3,3250000
Macdermid,D,2019-2020,2,875000
Soucy,D,2019-2020,3,2750000
Benning,D,2019-2020,2,1000000
Pulock,D,2019-2020,2,5000000
Brown,D,2019-2020,2,1200000
Ceci,D,2019-2020,1,1250000
Riikola,D,2019-2020,2,1150000
Suter,D,2011-2012,13,7538462
Martinez,D,2013-2014,6,4000000
EJ,D,2014-2015,7,6000000
Petry - 1,D,2014-2015,6,5500000
Moore,D,2017-2018,5,2750000
De Haan,D,2017-2018,4,4550000
Ellis,D,2017-2018,8,6250000
Schmidt,D,2017-2018,6,5950000
Kempny,D,2017-2018,4,2500000
Nemeth,D,2018-2019,2,3000000
Faulk,D,2018-2019,7,6500000
Holl,D,2018-2019,3,2000000
Joakim Ryan,D,2019-2020,1,700000
Edmunson,D,2019-2020,4,3500000
Simek,D,2019-2020,4,2250000
Demelo,D,2019-2020,4,3000000
Beaulieu,D,2019-2020,2,1250000
Marc Staal,D,2014-2015,6,5700000
Demers,D,2015-2016,5,4500000
Smith,D,2016-2017,4,4350000
Barbeiro,D,2017-2018,2,1450000
Connauton,D,2017-2018,2,1375000
Doughty - 2,D,2017-2018,8,11000000
Pateryn,D,2017-2018,3,2250000
Carlson,D,2017-2018,8,8000000
Chiarot,D,2018-2019,3,3500000
Jensen,D,2018-2019,4,2500000
Psysk,D,2019-2020,1,750000
Merrill,D,2019-2020,1,925000
Gustaffson,D,2019-2020,1,3000000
Schenn,D,2019-2020,1,800000
Forbort,D,2019-2020,1,1000000
Yandle,D,2015-2016,7,6350000
Bortuzzo,D,2016-2017,3,1375000
Cole,D,2017-2018,3,4250000
McDonagh,D,2017-2018,7,6750000
Gardiner,D,2018-2019,4,4050000
Spurgeon,D,2018-2019,7,7575000
Josi,D,2018-2019,8,9059000
Karlsson,D,2018-2019,8,11500000
Myers,D,2018-2019,5,6000000
Barrie,D,2019-2020,1,3750000
Kulikov,D,2019-2020,1,1150000
Krug,D,2019-2020,7,6500000
Dillon,D,2019-2020,4,3900000
TVR,D,2019-2020,1,800000
Seabrook,D,2014-2015,8,6875000
Goligoski,D,2015-2016,5,5475000
Russell,D,2016-2017,4,4000000
Vlasic,D,2016-2017,8,7000000
Hunt,D,2018-2019,2,700000
Ruhwedel,D,2018-2019,1,750000
Tanev,D,2019-2020,4,4500000
Gudas,D,2019-2020,3,2500000
Bitetto,D,2019-2020,2,737500
Scandella,D,2019-2020,4,3275000
Rutta,D,2019-2020,2,1300000
Brodie,D,2019-2020,4,5000000
Bogo,D,2019-2020,1,1000000
Pietrangelo,D,2019-2020,7,8800000
Schultz,D,2019-2020,2,4000000
Sbisa,D,2019-2020,1,800000
Greene,D,2013-2014,5,5000000
Giordano,D,2014-2015,6,6750000
Boychuk,D,2014-2015,7,6000000
Burns,D,2015-2016,8,8000000
Hjallmarsson,D,2017-2018,2,5000000
Fedun,D,2018-2019,2,737500
Shattenkirk,D,2019-2020,3,3900000
Biega,D,2019-2020,1,875000
Borowiecki,D,2019-2020,2,2000000
Muzz,D,2019-2020,4,5625000
Stralman,D,2018-2019,3,5500000
Gunnarsson,D,2018-2019,2,1750000
Holden,D,2018-2019,2,1700000
Irwin,D,2019-2020,1,700000
Polak,D,2018-2019,1,1750000
Edler,D,2018-2019,2,6000000
Johnson,D,2019-2020,1,1150000
Braun,D,2019-2020,2,1800000
Coburn,D,2018-2019,2,1700000
Sekera,D,2019-2020,2,1500000
Hainsey,D,2018-2019,1,3500000
Saros,G,2017-2018,3,1500000
Demko,G,2018-2019,2,1050000
Delia,G,2018-2019,3,1000000
Driedger,G,2018-2019,2,850000
Petersen,G,2018-2019,3,858333
Blackwood,G,2019-2020,3,2800000
Georgiev,G,2019-2020,2,2425000
Gibson,G,2017-2018,8,6400000
Korpi,G,2019-2020,2,2800000
Allen - 1,G,2015-2016,4,4350000
Jarry,G,2019-2020,3,3500000
Vasilevski,G,2018-2019,8,9500000
Hellebuyck,G,2017-2018,6,6166667
Rask,G,2012-2013,8,7000000
Rittich,G,2018-2019,2,2750000
Subban,G,2019-2020,2,850000
Grubauer,G,2017-2018,3,3333333
Merzlekins,G,2019-2020,2,4000000
Quick,G,2011-2012,10,5800000
Murray,G,2019-2020,4,6250000
Binnington,G,2018-2019,2,4400000
Andersen,G,2015-2016,5,5000000
Ullmark,G,2019-2020,1,2600000
Mrazek,G,2018-2019,2,3125000
DeSmith,G,2018-2019,3,1250000
Jones,G,2016-2017,6,5750000
Campbell,G,2018-2019,2,1650000
Brossoit,G,2019-2020,1,1500000
Reimer,G,2015-2016,5,3400000
Kuemper,G,2018-2019,2,4500000
Raanta,G,2017-2018,3,4250000
Francouz,G,2019-2020,2,2000000
Bernier,G,2017-2018,3,3000000
Price,G,2016-2017,8,10500000
Nilsson,G,2018-2019,2,2600000
Dubnyk,G,2014-2015,6,4333333
Lehner,G,2019-2020,5,5000000
Markstrom,G,2019-2020,6,6000000
Bishop,G,2016-2017,6,4916667
Koskinen,G,2018-2019,3,4500000
Bobrovsky,G,2018-2019,7,10000000
Stalock,G,2017-2018,3,785000
Varlamov,G,2018-2019,4,5000000
Holtby,G,2019-2020,2,4300000
Hutton,G,2017-2018,3,2750000
Talbot,G,2019-2020,3,3666667
Fleury,G,2017-2018,3,7000000
Halak,G,2019-2020,1,2250000
Khudobin,G,2019-2020,3,3333333
Greiss,G,2019-2020,2,3600000
Crawford,G,2019-2020,2,3900000
Elliott,G,2019-2020,1,1500000
Rinne,G,2017-2018,2,5000000
McElhinney,G,2018-2019,2,1300000
Smith,G,2019-2020,1,1500000
Hank,G,2019-2020,1,1500000
Miller,G,2019-2020,1,1000000
